Time [s],Sensor 1 [m/s2],Sensor 2 [m/s2]
0.0,0.0,-0.4452123379573993
0.01001001001001001,0.00953712782757818,-0.5928510981153531
0.02002002002002002,0.019197986464349996,-0.6689501237253719
0.03003003003003003,0.02960624627355472,-0.6558271583348687
0.04004004004004004,0.03855079120741935,-0.7266331415703894
0.050050050050050046,0.046863035531483736,-0.7159152665686859
0.06006006006006006,0.05748791113693824,-0.5148777010504613
0.07007007007007007,0.06800963819579835,-0.6058058728559573
0.08008008008008008,0.08551771445867667,-0.6919180339201706
0.09009009009009009,0.09309592888804553,-0.6959945734694402
0.10010010010010009,0.10659243156081814,-0.6205787041427555
0.11011011011011011,0.1038525469730438,-0.702425205335796
0.12012012012012012,0.12244880516763693,-0.6381568046657153
0.13013013013013014,0.1205186935072524,-0.7041753740463262
0.14014014014014015,0.14106738038140834,-0.5871256446229761
0.15015015015015015,0.14351905272173102,-0.6995814269992369
0.16016016016016016,0.16421393416043586,-0.5891426555331059
0.17017017017017017,0.16985885496080586,-0.530169688823105
0.18018018018018017,0.17247172786995263,-0.5217686434676204
0.19019019019019018,0.17800702502113852,-0.7809055389641298
0.20020020020020018,0.20395906955680254,-0.7564522183984791
0.21021021021021022,0.20786655879512195,-0.7856673648571549
0.22022022022022023,0.20744531832157828,-0.6290791846190528
0.23023023023023023,0.2166166607834837,-0.5710811609309494
0.24024024024024024,0.23781069959037435,-0.5441244386118789
0.2502502502502503,0.23876924469557329,-0.7612551593285863
0.2602602602602603,0.2497722935777024,-0.5122870901285566
0.2702702702702703,0.2557872932437938,-0.4854484868440909
0.2802802802802803,0.27144468054437476,-0.7655119741210181
0.2902902902902903,0.28244070257354253,-0.6708512691993879
0.3003003003003003,0.28107612107180746,-0.7409681778121368
0.3103103103103103,0.29013215709865137,-0.552444574559794
0.3203203203203203,0.3115414627852104,-0.7896150690130658
0.3303303303303303,0.33558677955824173,-0.5582637223186575
0.34034034034034033,0.3534112151258546,-0.7029827037643042
0.35035035035035034,0.32682510874607323,-0.538079597465974
0.36036036036036034,0.33952404869793673,-0.5886119415129847
0.37037037037037035,0.33507587678151224,-0.7734705391929708
0.38038038038038036,0.34544711984854304,-0.5901071229787669
0.39039039039039036,0.36518232109421017,-0.7366576610236658
0.40040040040040037,0.37621449206567487,-0.7293162621671612
0.41041041041041043,0.38331251207341593,-0.7988444077594576
0.42042042042042044,0.4140658854516203,-0.7946283234617623
0.43043043043043044,0.43812084669084184,-0.5748685271210996
0.44044044044044045,0.45131412547073807,-0.6925044602894289
0.45045045045045046,0.45244526922576117,-0.7239816300093822
0.46046046046046046,0.47738186492997176,-0.6216204406733012
0.47047047047047047,0.4821836916824235,-0.5704201061483029
0.4804804804804805,0.430599142846398,-0.5872972078022258
0.4904904904904905,0.48541798449123474,-0.7983856775767675
0.5005005005005005,0.5106935538659938,-0.8102419932502519
0.5105105105105106,0.48400486394599845,-0.48993316961126676
0.5205205205205206,0.4744092529100319,-0.6507707728775226
0.5305305305305306,0.4858188717511804,-0.8077201167272967
0.5405405405405406,0.5082740561453233,-0.7687444822502577
0.5505505505505506,0.5017110458165758,-0.812531268423982
0.5605605605605606,0.5693534204144987,-0.703697740775177
0.5705705705705706,0.5497475916380736,-0.7222649436548338
0.5805805805805806,0.581993047857391,-0.6617201836675388
0.5905905905905906,0.5449882867174345,-0.7836978349262248
0.6006006006006006,0.5923831598397783,-0.7486361950457386
0.6106106106106106,0.6127108427486511,-0.476978280967636
0.6206206206206206,0.5879714753624051,-0.6809461658838414
0.6306306306306306,0.6277530415333072,-0.6540813106081105
0.6406406406406406,0.5740453090577546,-0.5167437672106445
0.6506506506506506,0.6276737896448545,-0.5451964599293722
0.6606606606606606,0.6185615535672248,-0.5283202854288496
0.6706706706706707,0.6131967826832383,-0.5770747278445406
0.6806806806806807,0.6374908379714478,-0.6048940150236003
0.6906906906906907,0.6491421546438271,-0.6953972950674386
0.7007007007007007,0.5967295224389809,-0.4918166902054462
0.7107107107107107,0.6456371437952321,-0.7557347111921835
0.7207207207207207,0.6535965935565734,-0.6753943018161532
0.7307307307307307,0.6189547260437012,-0.7608600654494445
0.7407407407407407,0.7209808738142803,-0.7326301835470613
0.7507507507507507,0.6501077193296545,-0.4977630840424483
0.7607607607607607,0.7397522335884513,-0.7566926079131803
0.7707707707707707,0.647674929927003,-0.7627824068815537
0.7807807807807807,0.6860197375963124,-0.5514790454094323
0.7907907907907907,0.7110170396353936,-0.6722748412705563
0.8008008008008007,0.7142369021303905,-0.7117377079308819
0.8108108108108109,0.7384472350241931,-0.48726041965952843
0.8208208208208209,0.7494358352776865,-0.6388916457290985
0.8308308308308309,0.7677381028697776,-0.7621333421309263
0.8408408408408409,0.7567065761320643,-0.7502184176044463
0.8508508508508509,0.7826281341811208,-0.7364415048479569
0.8608608608608609,0.70162428898885,-0.6751343542461382
0.8708708708708709,0.721945789545846,-0.736622500556788
0.8808808808808809,0.7223420897380791,-0.4661088796619821
0.8908908908908909,0.7421383553898977,-0.4707692640029046
0.9009009009009009,0.755365837843105,-0.6430646505255311
0.9109109109109109,0.8443620711254801,-0.4475465004804789
0.9209209209209209,0.789287398197611,-0.7000377842641464
0.9309309309309309,0.8058240853854415,-0.7147719290500028
0.9409409409409409,0.7816917075651656,-0.643250222340435
0.950950950950951,0.7821763891136388,-0.6326952710631891
0.960960960960961,0.8400554267486418,-0.5381190824397489
0.970970970970971,0.7680055329252494,-0.5797063096195048
0.980980980980981,0.8487569798340758,-0.667844556171736
0.990990990990991,0.7934850617998563,-0.4953482928067668
1.001001001001001,0.8269859974430182,-0.434546429871146
1.011011011011011,0.8266122224806774,-0.47643103097746503
1.021021021021021,0.7895597989541381,-0.6532834101228009
1.031031031031031,0.8209600296791869,-0.6064234928437898
1.0410410410410411,0.829146518439176,-0.5737406830030309
1.0510510510510511,0.8424600186277378,-0.5215218260189399
1.0610610610610611,0.8151248222004865,-0.4070132576874399
1.0710710710710711,0.8843093623985406,-0.394062804924349
1.0810810810810811,0.8444162797387766,-0.4764735953458375
1.0910910910910911,0.9379021859622626,-0.47485304867618766
1.1011011011011012,0.9056574773374029,-0.5461141590990847
1.1111111111111112,0.9192900196022941,-0.4186627448916807
1.1211211211211212,0.8484276133800414,-0.491037275747218
1.1311311311311312,0.9206305929232478,-0.6400598431489101
1.1411411411411412,0.9526927715390886,-0.4056612152594211
1.1511511511511512,0.9473076156857906,-0.3737144707838517
1.1611611611611612,0.8851061618039702,-0.3777528354804401
1.1711711711711712,0.9866166094610347,-0.39837939807130845
1.1811811811811812,0.9912647872995974,-0.5249209421065152
1.1911911911911912,0.933396447172481,-0.4215315842404161
1.2012012012012012,0.956117083947112,-0.5748119342848311
1.2112112112112112,0.9325035545776688,-0.5480259327150153
1.2212212212212212,0.9705433864422386,-0.5339400804413421
1.2312312312312312,0.9430498185733539,-0.5403599418334705
1.2412412412412412,0.9407294344857021,-0.48375621860389184
1.2512512512512513,0.9043595119166824,-0.41314714461911256
1.2612612612612613,0.9337449304813823,-0.3887109639669405
1.2712712712712713,0.999799089914479,-0.5602448650946952
1.2812812812812813,0.9571471629740855,-0.5286030581896343
1.2912912912912913,1.0004727003845377,-0.3478161656185124
1.3013013013013013,0.9945656277376588,-0.3905105889799753
1.3113113113113113,1.0346310924442965,-0.33113081607800915
1.3213213213213213,1.0287192144123039,-0.3381799880664163
1.3313313313313313,0.9908664752965848,-0.33404323976156375
1.3413413413413413,0.9862493902871398,-0.4886693838483596
1.3513513513513513,1.0432093782612724,-0.42596114258750484
1.3613613613613613,0.9287073605087366,-0.4455876473933268
1.3713713713713713,1.0031805529333326,-0.3396039988174267
1.3813813813813813,0.9298158986009193,-0.2956063823697113
1.3913913913913913,0.945861437441136,-0.46641991132109334
1.4014014014014013,0.9905702907873236,-0.42870661951968503
1.4114114114114114,0.9964567987350693,-0.4751843584111601
1.4214214214214214,0.9532031120457976,-0.37509263943342036
1.4314314314314314,0.9722509835003383,-0.4390794175632656
1.4414414414414414,0.9218761626030281,-0.4278096382391197
1.4514514514514514,1.060261912681481,-0.33469263587076414
1.4614614614614614,1.0446320318871802,-0.33623238469471145
1.4714714714714714,0.9523861081854343,-0.2690982552375252
1.4814814814814814,0.9572954743310192,-0.4031569308852335
1.4914914914914914,0.9795870698984223,-0.4184320130816467
1.5015015015015014,0.9853396617514297,-0.3183913970651789
1.5115115115115114,0.9676059727164811,-0.35793586345785994
1.5215215215215214,1.018264179325146,-0.3317981685625312
1.5315315315315314,0.9385374633372361,-0.2573065713986461
1.5415415415415414,0.9332910209705053,-0.3728162127912035
1.5515515515515514,1.0354764931709497,-0.24824586312672803
1.5615615615615615,1.0081497855300396,-0.23777328010423757
1.5715715715715715,0.9717218461763043,-0.35094049463036653
1.5815815815815815,1.0269209169912767,-0.2857110308941671
1.5915915915915915,0.9841809995014044,-0.2922247670353126
1.6016016016016015,0.9829352561943373,-0.2801483800424142
1.6116116116116117,0.9373631538876999,-0.3343622242801328
1.6216216216216217,0.9680819771755934,-0.2955982411603482
1.6316316316316317,1.017224490300618,-0.272962361617512
1.6416416416416417,0.9460286231272818,-0.247323939514361
1.6516516516516517,0.95405326818474,-0.24238658054026652
1.6616616616616617,0.971548665730979,-0.25815831996033894
1.6716716716716717,0.9684939304083034,-0.18952010058010724
1.6816816816816818,0.9246687646147527,-0.17775420750768206
1.6916916916916918,0.9974346403320512,-0.24341965724189268
1.7017017017017018,0.9939247232057596,-0.19051327081553163
1.7117117117117118,1.0244425286295529,-0.18512389433903692
1.7217217217217218,0.9805957410021928,-0.1490608156956462
1.7317317317317318,1.0146644435308787,-0.1448705872053962
1.7417417417417418,0.999304440896581,-0.149799964169878
1.7517517517517518,0.9851030562903919,-0.21788177664818106
1.7617617617617618,0.9338720755260428,-0.16157962333207002
1.7717717717717718,0.9369344806266074,-0.19154115458008011
1.7817817817817818,1.0337958771601166,-0.13998002379428012
1.7917917917917918,1.0219869789640925,-0.1300879427745702
1.8018018018018018,0.9509003427906118,-0.13088340282031988
1.8118118118118118,0.9413354816797377,-0.14661494237111933
1.8218218218218218,0.950299290892665,-0.11525045385932209
1.8318318318318318,1.003453376092605,-0.1501723515427695
1.8418418418418419,0.9197742636048122,-0.1342510642845999
1.8518518518518519,1.0277370148779943,-0.08670428623694673
1.8618618618618619,0.9546632877462091,-0.1239931686012725
1.8718718718718719,0.893550982150041,-0.08686272827586382
1.8818818818818819,0.9734159167113217,-0.086640003904703
1.8918918918918919,0.9808034600523292,-0.10708746593481523
1.901901901901902,0.9031056595791803,-0.08073796264342221
1.911911911911912,1.0082591018182065,-0.091318454006944
1.921921921921922,0.8772333391773377,-0.06364920457497156
1.931931931931932,0.8789824597461946,-0.07098193260975107
1.941941941941942,0.894472782487365,-0.04397097478384044
1.951951951951952,0.9230261755265643,-0.046726461679025055
1.961961961961962,0.9203442428964764,-0.047765482804778464
1.971971971971972,0.9111101815331647,-0.047892711730172725
1.981981981981982,0.889106756203976,-0.03286451578795437
1.991991991991992,0.964298720131881,-0.029749984191612875
2.002002002002002,0.8529234628922209,-0.018630098315477028
2.012012012012012,0.9595363748019926,-0.015147043344721983
2.022022022022022,0.8852103050630064,-0.006211041683806219
2.032032032032032,0.8395893092150182,-0.0005724240765705047
2.042042042042042,0.840146941080636,0.005103397274193884
2.052052052052052,0.8342866605507796,0.014610637737839825
2.062062062062062,0.9134909793003372,0.017489489294081957
2.0720720720720722,0.8813613668107085,0.030416904677064316
2.0820820820820822,0.8636764456594274,0.0275225377640115
2.0920920920920922,0.8247260263234316,0.03415419775179882
2.1021021021021022,0.905897969354349,0.037123909420080654
2.1121121121121122,0.8189070512732062,0.047754761281884134
2.1221221221221223,0.8689099676085137,0.06522372620545694
2.1321321321321323,0.8916038196640264,0.07291389432068239
2.1421421421421423,0.836665217946201,0.08947120251910061
2.1521521521521523,0.8948204708747943,0.06592492788030321
2.1621621621621623,0.8082980033821006,0.10562109077277138
2.1721721721721723,0.8615503743146744,0.10266557868061396
2.1821821821821823,0.7854144920463889,0.0948702555759265
2.1921921921921923,0.7580899444437657,0.10777686139710792
2.2022022022022023,0.8528898462349005,0.08346083139044494
2.2122122122122123,0.7586073847612967,0.10770680255236845
2.2222222222222223,0.8114967048688636,0.11116204686470543
2.2322322322322323,0.7604296332982939,0.15426451980038305
2.2422422422422423,0.7888077666790106,0.1279111306509643
2.2522522522522523,0.7300173002275493,0.14146421261176578
2.2622622622622623,0.8076719329590346,0.13912629042602773
2.2722722722722724,0.7466351364185939,0.1712391750124742
2.2822822822822824,0.7565882791204256,0.1890192979625029
2.2922922922922924,0.7312892490010378,0.1292452828428744
2.3023023023023024,0.76137862792672,0.19211012489696097
2.3123123123123124,0.7539011521787956,0.1385985013071688
2.3223223223223224,0.7078759494900319,0.19655522653913668
2.3323323323323324,0.6787489043552856,0.19215450423347405
2.3423423423423424,0.7581841007679746,0.1556472781659736
2.3523523523523524,0.6909709003874517,0.2207040741407284
2.3623623623623624,0.7041771085418173,0.1735156040075805
2.3723723723723724,0.6601072694573659,0.18887354020028477
2.3823823823823824,0.6919781972834383,0.27937073198415147
2.3923923923923924,0.6639328023965433,0.18776133067537423
2.4024024024024024,0.6954314506687833,0.23479440553754927
2.4124124124124124,0.707876568266149,0.2632287108159015
2.4224224224224224,0.6975287223599945,0.24792055747132308
2.4324324324324325,0.6369777182796773,0.2182388692365226
2.4424424424424425,0.6392364136191527,0.23183529969596461
2.4524524524524525,0.6723097690731917,0.2493415043085567
2.4624624624624625,0.6726686421577756,0.34053271856414163
2.4724724724724725,0.644186859717463,0.23349807548762017
2.4824824824824825,0.5758663446963833,0.2299564363933142
2.4924924924924925,0.568746492077447,0.23358844971627415
2.5025025025025025,0.561449458557738,0.2787433756401303
2.5125125125125125,0.6045345128186584,0.2765637848436929
2.5225225225225225,0.6217488830291097,0.37803279301683057
2.5325325325325325,0.5458829041201152,0.2991239149544588
2.5425425425425425,0.5526041554755633,0.34215856187068405
2.5525525525525525,0.5549561152774606,0.39689867230727166
2.5625625625625625,0.5375660459506123,0.330119928638779
2.5725725725725725,0.5602823696634507,0.28159367007215075
2.5825825825825826,0.49203758300227746,0.3888176313129618
2.5925925925925926,0.4972351519499467,0.3857134455844917
2.6026026026026026,0.5346646783737109,0.33105881184942226
2.6126126126126126,0.4855084843812817,0.38627992003347245
2.6226226226226226,0.4972005536192636,0.4331863165644837
2.6326326326326326,0.5171186588109425,0.4616952471068333
2.6426426426426426,0.4676955582263544,0.29445696013042555
2.6526526526526526,0.49970733864049505,0.2859649863748978
2.6626626626626626,0.43837265245640805,0.4628419811249789
2.6726726726726726,0.45704139115745906,0.2909159510749265
2.6826826826826826,0.41363441757416053,0.4498953581276714
2.6926926926926926,0.41968894948350655,0.48250294165505564
2.7027027027027026,0.39813029652627363,0.4682791080293275
2.7127127127127126,0.4392899277602095,0.4474621232280028
2.7227227227227226,0.37950398727550927,0.4754367715819186
2.7327327327327327,0.3883370974018836,0.4408658063393947
2.7427427427427427,0.3714860605138595,0.3905550244530166
2.7527527527527527,0.387234959382695,0.3175914295074247
2.7627627627627627,0.3562817597126349,0.4625583121452084
2.7727727727727727,0.37995403276222284,0.34349952780956655
2.7827827827827827,0.33230407183422167,0.4253347218796478
2.7927927927927927,0.3556164817017914,0.36703247248661347
2.8028028028028027,0.35478669339814467,0.495751518834831
2.8128128128128127,0.3308508270017031,0.35557144440845895
2.8228228228228227,0.3185268412365647,0.3805124101253676
2.8328328328328327,0.28908877031106983,0.35839291255700423
2.8428428428428427,0.29637361925797073,0.5404917456563723
2.8528528528528527,0.29119974528773035,0.39560424356841045
2.8628628628628627,0.2868340387897737,0.5626667231316836
2.8728728728728727,0.25586166201484917,0.4429417292615492
2.8828828828828827,0.24936502516511447,0.5662226337361828
2.8928928928928928,0.22870516123589368,0.589001380749143
2.9029029029029028,0.2329403901156442,0.5407384180030806
2.9129129129129128,0.2378133026165567,0.5237568199668126
2.9229229229229228,0.21345341681348692,0.4651972446250872
2.932932932932933,0.19824736330681295,0.45526167494730063
2.942942942942943,0.18502071690006966,0.5134774815453497
2.952952952952953,0.2011125838289951,0.5843953475536396
2.962962962962963,0.17690420358407355,0.5510215485162553
2.972972972972973,0.15622763434210438,0.5221313570265252
2.982982982982983,0.15399547388379142,0.5614513020729579
2.992992992992993,0.14404256028944684,0.5308383688170019
3.003003003003003,0.12904977752722013,0.44271887294524265
3.013013013013013,0.13342416612227687,0.650744559324702
3.023023023023023,0.11891689532811142,0.5270202956865273
3.033033033033033,0.10990506992867555,0.5518713919881139
3.043043043043043,0.09148720202220752,0.48395301910555627
3.053053053053053,0.08186905912932968,0.5236291500228942
3.063063063063063,0.07267185209338739,0.5655239368371002
3.073073073073073,0.06674384940601102,0.546782173866132
3.083083083083083,0.05748028318805115,0.6415475036392657
3.093093093093093,0.04805175379848319,0.6213943525504559
3.103103103103103,0.03990156690374608,0.5208940682626868
3.113113113113113,0.027281841368493192,0.5880131614594389
3.123123123123123,0.019556536933294965,0.50709297445606
3.133133133133133,0.008949355737504126,0.5919093481394886
3.143143143143143,-0.0014353301113244712,0.5689101992590151
3.153153153153153,-0.012041828439825026,0.5836326879600513
3.163163163163163,-0.02020121248760895,0.69285562905743
3.173173173173173,-0.029944139958658435,0.5607715009286453
3.183183183183183,-0.03896783914465525,0.5546751276890897
3.193193193193193,-0.05520360968412684,0.7201735555981872
3.203203203203203,-0.05871122043574907,0.44719985879758084
3.2132132132132134,-0.06917148470523361,0.656037330866126
3.2232232232232234,-0.08514509891221929,0.5829973759573079
3.2332332332332334,-0.08948655439319907,0.6732206002585853
3.2432432432432434,-0.09578368434713225,0.7022310328873469
3.2532532532532534,-0.11571754524603664,0.49175580690122567
3.2632632632632634,-0.12613264091251075,0.5662280936732087
3.2732732732732734,-0.13618805801643277,0.5489372151961909
3.2832832832832834,-0.1348160686507833,0.48120238789402514
3.2932932932932935,-0.1505401867567699,0.7330923171851529
3.3033033033033035,-0.16713613955822867,0.6965928638905999
3.3133133133133135,-0.17833200545263728,0.6621843544578138
3.3233233233233235,-0.171415931106856,0.7555478325222912
3.3333333333333335,-0.20211712840219764,0.7386753189243566
3.3433433433433435,-0.21421551170208075,0.5430295462580161
3.3533533533533535,-0.19527086945023533,0.7789422179643042
3.3633633633633635,-0.2212664178344018,0.7296317552378777
3.3733733733733735,-0.23528586675750135,0.7609715814093352
3.3833833833833835,-0.23125919121875346,0.7144033235669104
3.3933933933933935,-0.25614592749255805,0.5167011845252164
3.4034034034034035,-0.26135873546424343,0.7884165336594255
3.4134134134134135,-0.28641574036069906,0.5669880710397885
3.4234234234234235,-0.2976461080345179,0.6659090463659902
3.4334334334334335,-0.2888566296243193,0.48053138932229156
3.4434434434434436,-0.2807742485235377,0.6981341235244795
3.4534534534534536,-0.2890218471739871,0.5405695885689228
3.4634634634634636,-0.3314506498247045,0.6821639697760387
3.4734734734734736,-0.31823844237970245,0.7816092091104863
3.4834834834834836,-0.35905241046268405,0.5985741739340155
3.4934934934934936,-0.3221497221381789,0.7156947903941837
3.5035035035035036,-0.3411914156779296,0.7047009254487053
3.5135135135135136,-0.34827778248878877,0.6467613071646103
3.5235235235235236,-0.3926530846153103,0.7744206431853476
3.5335335335335336,-0.36705417604395296,0.7712788053220444
3.5435435435435436,-0.4198757324837465,0.612621881193904
3.5535535535535536,-0.41417528955403915,0.6369685059812066
3.5635635635635636,-0.38482210323407146,0.489206642329561
3.5735735735735736,-0.43319249134703813,0.7866805605747448
3.5835835835835836,-0.396868280868459,0.6878258502895954
3.5935935935935936,-0.4497832364483117,0.6884640896237832
3.6036036036036037,-0.41682744324211923,0.7758905213070479
3.6136136136136137,-0.48409927409787473,0.7743872545756021
3.6236236236236237,-0.4619979122068428,0.5181266744410997
3.6336336336336337,-0.5041566160146674,0.7088528726202926
3.6436436436436437,-0.5169201450698843,0.5581058669705424
3.6536536536536537,-0.4651631232938182,0.6968180558126188
3.6636636636636637,-0.5355759981286736,0.5325857828127878
3.6736736736736737,-0.4871640794528026,0.4847635676818365
3.6836836836836837,-0.49775517301668215,0.8108793728634943
3.6936936936936937,-0.4883052071859168,0.6730387866122755
3.7037037037037037,-0.5002052415101316,0.6239966270546737
3.7137137137137137,-0.5682973937980856,0.5778811731559416
3.7237237237237237,-0.5751292969348106,0.6136419608112389
3.7337337337337337,-0.5983709977233214,0.48495321673151043
3.7437437437437437,-0.5447441328815064,0.552256160904812
3.7537537537537538,-0.5587068737325606,0.7906099750992778
3.7637637637637638,-0.6099747572218294,0.6363015958265509
3.7737737737737738,-0.6240084687384146,0.7032920810874477
3.7837837837837838,-0.5558249470352151,0.5420301371099091
3.793793793793794,-0.6036298443930991,0.6556239225896459
3.803803803803804,-0.649724139060118,0.7879431097524817
3.813813813813814,-0.6074631099643935,0.6695176022294554
3.823823823823824,-0.6267013660752887,0.6103559331383073
3.833833833833834,-0.6561621615869616,0.6923500669453352
3.843843843843844,-0.6476694057213973,0.5824075058336851
3.853853853853854,-0.6343084444060071,0.7072967077879725
3.863863863863864,-0.6540804010780329,0.5462459885123222
3.873873873873874,-0.6888190873145649,0.7298663234670808
3.883883883883884,-0.6274718705582885,0.7785981889316792
3.893893893893894,-0.6698246417665555,0.7633827043928216
3.903903903903904,-0.6574053573571373,0.5980481989183957
3.913913913913914,-0.7294231219211482,0.6899963396543157
3.923923923923924,-0.7228417656260083,0.5442865802737631
3.933933933933934,-0.6804221902272807,0.7309180206281217
3.943943943943944,-0.6698386665488968,0.5782387785163705
3.953953953953954,-0.7493448331374092,0.596535450872939
3.963963963963964,-0.6973437361825474,0.5691689536894335
3.973973973973974,-0.7222426357026013,0.7190167868962399
3.983983983983984,-0.7127117127167402,0.483972234315031
3.993993993993994,-0.7062732769958686,0.5344963882145767
4.004004004004004,-0.8132217144006757,0.5485851852802692
4.014014014014014,-0.7312102687813721,0.5099507290862388
4.024024024024024,-0.8206815014265998,0.7107687934421366
4.034034034034034,-0.8094415504922315,0.729220753950524
4.044044044044044,-0.8297568907039582,0.59458501677201
4.054054054054054,-0.772247552279194,0.456702944556186
4.064064064064064,-0.853693228579819,0.43163031668322394
4.074074074074074,-0.813042838864949,0.585733799784548
4.084084084084084,-0.7516409652573556,0.5101659701566947
4.094094094094094,-0.8288189735620414,0.5928036874008059
4.104104104104104,-0.8282126167729996,0.458228856925384
4.114114114114114,-0.7815539964915001,0.44722697968014163
4.124124124124124,-0.844518906410805,0.5766170619408354
4.134134134134134,-0.7999198844869663,0.6377606368386038
4.1441441441441444,-0.8567503632031883,0.4345647480562685
4.1541541541541545,-0.7869323083665907,0.4967959541100043
4.1641641641641645,-0.8255840251560737,0.476514060754585
4.1741741741741745,-0.8901212004442727,0.45086934983976457
4.1841841841841845,-0.8448839066550017,0.4714172122803568
4.1941941941941945,-0.8189918242784889,0.6018462435159384
4.2042042042042045,-0.8277366798788148,0.4483370113239057
4.2142142142142145,-0.8576685290163499,0.4819937840272502
4.2242242242242245,-0.9239420434389732,0.4279166199861815
4.2342342342342345,-0.8703474766644974,0.4733997413138199
4.2442442442442445,-0.8292480900786985,0.4762001949057918
4.2542542542542545,-0.9607829418890398,0.6180102534458644
4.2642642642642645,-0.8354944276076901,0.5268636720174388
4.2742742742742745,-0.9427330985604891,0.49322814538263204
4.2842842842842845,-0.8797353008846148,0.6206402727310742
4.2942942942942945,-0.9291116271881905,0.5283456750096082
4.3043043043043046,-0.9641002590785965,0.5142115630590294
4.314314314314315,-0.8896638258168084,0.491141149512771
4.324324324324325,-0.8579465180162233,0.5986063124696461
4.334334334334335,-0.9010159332329284,0.5449772953024558
4.344344344344345,-0.9427412633011655,0.5559010151279018
4.354354354354355,-0.9182987657339633,0.4313456983544566
4.364364364364365,-0.9384821720533886,0.49210513107322434
4.374374374374375,-0.9625742950585132,0.5352331886331892
4.384384384384385,-0.9366216952868396,0.39335886828108724
4.394394394394395,-0.8910159430722117,0.45527343966735145
4.404404404404405,-1.003303173279805,0.36891858159627566
4.414414414414415,-0.9116945168129107,0.334933787877877
4.424424424424425,-0.8881285827776638,0.49283477102199713
4.434434434434435,-0.9512148646433795,0.36215655990195345
4.444444444444445,-0.9260259662420752,0.5311463986074506
4.454454454454455,-1.028075052971664,0.3918881666693142
4.464464464464465,-0.9731650871022627,0.42359645632543347
4.474474474474475,-0.939692509468777,0.32921687921832493
4.484484484484485,-1.0133378184817454,0.46289378350521077
4.494494494494495,-0.9643098371792861,0.3161353536446241
4.504504504504505,-1.0316090427722882,0.4579526922688656
4.514514514514515,-0.9698892079313958,0.4007528868436456
4.524524524524525,-1.017682685932996,0.4883152381030676
4.534534534534535,-0.9792611998618954,0.3189964861564604
4.544544544544545,-0.9448797032143189,0.3357931549014755
4.554554554554555,-1.0614390654015615,0.42611224632128225
4.564564564564565,-1.0377785459709379,0.3841937558108922
4.574574574574575,-0.9959624475767477,0.2812236902417856
4.584584584584585,-1.0589355106833511,0.4283176529138687
4.594594594594595,-1.024859818355573,0.3231794115378692
4.604604604604605,-0.9920654897029022,0.2979390192316521
4.614614614614615,-0.9592347768907917,0.4026036529858564
4.624624624624625,-0.9408172795192092,0.42082211978187245
4.634634634634635,-0.9605202099153136,0.25928561335617334
4.644644644644645,-0.9834367999564174,0.3198471400438962
4.654654654654655,-1.0298996183194677,0.3647494063142429
4.664664664664665,-1.0218886450338334,0.39323552728068806
4.674674674674675,-1.0558250961053763,0.2921350583583611
4.684684684684685,-0.9864406752170053,0.32497148424242867
4.694694694694695,-0.9668283553326955,0.277444173912296
4.704704704704705,-0.9819768187160994,0.35630917383224187
4.714714714714715,-1.0074033039578298,0.333200007752387
4.724724724724725,-1.0672796620159453,0.3032807179760987
4.734734734734735,-1.0104747323568581,0.26610103226224235
4.744744744744745,-0.9871438548197428,0.3274147944080767
4.754754754754755,-1.0484067771444243,0.2646875492674189
4.764764764764765,-0.944931217509828,0.2511343517020628
4.774774774774775,-0.9245906209494745,0.2468517330727299
4.784784784784785,-1.0240679322720676,0.20825678289186722
4.794794794794795,-1.00513968792418,0.22663762258555023
4.804804804804805,-0.9441357677821969,0.27025953397757535
4.814814814814815,-1.0669699166543445,0.2737038881681223
4.824824824824825,-0.9622529769630684,0.27560905952740117
4.834834834834835,-0.9690010986727019,0.2618812324505269
4.844844844844845,-0.9291748092031158,0.1722079937581428
4.854854854854855,-1.0471403520541611,0.20285079956570198
4.864864864864865,-0.9211977068667526,0.24920479728950357
4.874874874874875,-1.0487126852422437,0.14555125710363437
4.884884884884885,-0.9745418034904063,0.2088854949870689
4.894894894894895,-0.9746529622877426,0.21627907380806816
4.904904904904905,-0.9903911617166035,0.12842967363620722
4.914914914914915,-0.9402082800893404,0.12708179537582776
4.924924924924925,-1.0292241714222576,0.18327904558629646
4.934934934934935,-1.0253541596292672,0.16505224217818862
4.944944944944945,-0.9462816007220048,0.16955691236997703
4.954954954954955,-0.9824677971533289,0.16269674857268115
4.964964964964965,-0.9627074915624685,0.151406096757018
4.974974974974975,-0.9358381765051562,0.15834448958409894
4.984984984984985,-0.9700312592594581,0.12031231915640854
4.994994994994995,-0.9698660169876332,0.08987229234227467
5.005005005005005,-0.9582152512382615,0.09951462399122947
5.015015015015015,-1.0171002066655592,0.08950193384914033
5.025025025025025,-0.9219819035541378,0.10208343880707063
5.035035035035035,-1.0112319905166842,0.09172120723980784
5.045045045045045,-0.9909966743907231,0.08026103826123651
5.055055055055055,-0.890043133549952,0.06828202471097233
5.065065065065065,-0.9408562996827253,0.06863863430918972
5.075075075075075,-0.9180335798607844,0.0665560982338541
5.085085085085085,-0.992252651999684,0.054455358656509245
5.095095095095095,-0.9158347242498434,0.0617733892573332
5.105105105105105,-0.9213261924591303,0.042151383076789
5.115115115115115,-0.9518448593917572,0.043487439767781355
5.125125125125125,-0.9340975612003921,0.0241979333442564
5.135135135135135,-0.9203358902816096,0.01981657888752367
5.145145145145145,-0.9316430566179504,0.02070431711339292
5.155155155155155,-0.9489822174879147,0.01039327268408424
5.165165165165165,-0.8780277097653311,0.006973334458485652
5.175175175175175,-0.8381735144454078,-0.0006352325993372653
5.185185185185185,-0.8581336165843041,-0.007301767770027826
5.195195195195195,-0.9351792565721113,-0.01602628364092176
5.205205205205205,-0.8435972080832373,-0.014838376543749764
5.215215215215215,-0.8443147329855274,-0.03047814615666578
5.225225225225225,-0.8202160462267687,-0.030588941025672667
5.235235235235235,-0.9203357228493343,-0.03552149714584374
5.245245245245245,-0.8696399599805178,-0.054886524216857586
5.255255255255255,-0.79286733571755,-0.045622267975900445
5.265265265265265,-0.8627733852111318,-0.049444352788443204
5.275275275275275,-0.9031869939868333,-0.06654360638942161
5.285285285285285,-0.8222028785772306,-0.061688206582213266
5.295295295295295,-0.8253269978781108,-0.06729599804983441
5.305305305305305,-0.828508280491854,-0.08878042142323547
5.315315315315315,-0.859092490192838,-0.08376572158426324
5.325325325325325,-0.7675615540210423,-0.12290857303003963
5.335335335335335,-0.7882343437166144,-0.08191347978155239
5.345345345345345,-0.7616530314203784,-0.09314198885790106
5.355355355355355,-0.7951006810082862,-0.1101696354952137
5.365365365365365,-0.8425129682989776,-0.09436466571804511
5.375375375375375,-0.8306824804156787,-0.14774956264315822
5.385385385385385,-0.7927588983401644,-0.16553269182854588
5.395395395395395,-0.8014219276305732,-0.16155740975633645
5.405405405405405,-0.7359759963330343,-0.1720089506794809
5.415415415415415,-0.7290696647784053,-0.19347852509166857
5.425425425425425,-0.7377550480179943,-0.1263668817459523
5.435435435435435,-0.7915466569450399,-0.19837164234397014
5.445445445445445,-0.6973982592694328,-0.20038273724452976
5.455455455455455,-0.7745608160661438,-0.16297050225419896
5.465465465465465,-0.7401638223462828,-0.18306596944333464
5.475475475475475,-0.7127671946915058,-0.22836630754970022
5.485485485485485,-0.6952652826384413,-0.18800054370146502
5.495495495495495,-0.7555868508268964,-0.2509116077354228
5.505505505505505,-0.6634177562984397,-0.16714125461223578
5.515515515515515,-0.6997053072194656,-0.24161605789283816
5.525525525525525,-0.7055267780092825,-0.2512477681988784
5.535535535535535,-0.6813536705226868,-0.22800845393830899
5.545545545545545,-0.7222140595562866,-0.22883471564033325
5.555555555555555,-0.6847053628785186,-0.2929799247972023
5.565565565565565,-0.6790639106114248,-0.21997416939995237
5.575575575575575,-0.681802688779681,-0.23753474247222578
5.585585585585585,-0.6241051959463306,-0.31542003901289556
5.595595595595595,-0.616061582512098,-0.2209650082629855
5.605605605605605,-0.6055182105686716,-0.29621973446986255
5.615615615615615,-0.6449787602511544,-0.21719014185502122
5.625625625625625,-0.6220467581661653,-0.2419011202492262
5.635635635635635,-0.628798798857287,-0.3133471366787123
5.645645645645645,-0.572869831693484,-0.2824144377661052
5.655655655655655,-0.5539679796669738,-0.2619699828460611
5.665665665665665,-0.5836785448591769,-0.2721157534102882
5.675675675675675,-0.5824852601916719,-0.3073137728483241
5.685685685685685,-0.551111393233922,-0.39842827796155983
5.6956956956956954,-0.523267868399986,-0.3228554161792441
5.7057057057057055,-0.5793926323702154,-0.2857161753513141
5.7157157157157155,-0.5008061466293041,-0.330416844515681
5.7257257257257255,-0.5403554266118799,-0.3816122747469025
5.7357357357357355,-0.5506291881765095,-0.3250686731136496
5.7457457457457455,-0.5165982180010896,-0.2760650354219367
5.7557557557557555,-0.5146755371195362,-0.4252686126703693
5.7657657657657655,-0.4766045758555655,-0.31510774580185075
5.7757757757757755,-0.4672272680856872,-0.4137475936758846
5.7857857857857855,-0.44479448298969015,-0.37179623170512316
5.7957957957957955,-0.49664485023558874,-0.4534917845180728
5.8058058058058055,-0.44230595345269896,-0.4073690814360715
5.8158158158158155,-0.46584768294986134,-0.3854372014889935
5.8258258258258255,-0.4248625048775634,-0.4339454030234846
5.8358358358358355,-0.4618065462865887,-0.3538621452303842
5.8458458458458455,-0.3970265282222865,-0.4449261131827315
5.8558558558558556,-0.3956887534061172,-0.4936325647166574
5.865865865865866,-0.43335650905323636,-0.4378769177393705
5.875875875875876,-0.39158066913330936,-0.47603603296467895
5.885885885885886,-0.3929202503837585,-0.3260986587271331
5.895895895895896,-0.38373595441298297,-0.32261851923605395
5.905905905905906,-0.3500894405670622,-0.4299008956733281
5.915915915915916,-0.33934274056360425,-0.35217872243479714
5.925925925925926,-0.33423633322500973,-0.46458709835961054
5.935935935935936,-0.33244653515981404,-0.5510777810618421
5.945945945945946,-0.33818212852394985,-0.5462595793827353
5.955955955955956,-0.3334215322167785,-0.506003572765424
5.965965965965966,-0.304120740860715,-0.3718212732861892
5.975975975975976,-0.32215751195943154,-0.5812376813341751
5.985985985985986,-0.30760964318278766,-0.5004922646196527
5.995995995995996,-0.26626246845068874,-0.5325370754464733
6.006006006006006,-0.271790493493462,-0.5022568329497713
6.016016016016016,-0.2643259298173902,-0.38210299614286514
6.026026026026026,-0.23981601535583602,-0.36581938582641826
6.036036036036036,-0.2611963761389508,-0.37031467653608563
6.046046046046046,-0.23819578524218635,-0.47810406022701407
6.056056056056056,-0.22239933173834928,-0.5086174032202578
6.066066066066066,-0.2271881079157649,-0.40331512653880114
6.076076076076076,-0.2143830101757156,-0.5284720785565129
6.086086086086086,-0.18235530097758135,-0.49380475197644647
6.096096096096096,-0.19975405218116193,-0.48051703904141696
6.106106106106106,-0.18678342075943277,-0.5603588446567862
6.116116116116116,-0.15407516145638048,-0.42838651116294413
6.126126126126126,-0.15730509433056514,-0.6004411716654264
6.136136136136136,-0.1500874697012095,-0.6174353050409304
6.146146146146146,-0.1360008627514759,-0.5553291114532215
6.156156156156156,-0.11996715967049519,-0.41632666144442665
6.166166166166166,-0.12516342620063312,-0.6370659835553304
6.176176176176176,-0.10200903560511654,-0.5718154166674435
6.186186186186186,-0.10084880860442215,-0.6286510123540391
6.196196196196196,-0.08646878058385098,-0.445502103885433
6.206206206206206,-0.07168358104568787,-0.5624597909143633
6.216216216216216,-0.07087442982616508,-0.45912989838110807
6.226226226226226,-0.05389857978229776,-0.6562136072801589
6.236236236236236,-0.04817765495518893,-0.5415937232276125
6.246246246246246,-0.03677198345091616,-0.4288214193062409
6.256256256256256,-0.027613010734814886,-0.5327029334686967
6.266266266266266,-0.018102855114675298,-0.5789961854982529
6.276276276276276,-0.006808220351505189,-0.6983414517726595
6.286286286286286,0.002977425191789565,-0.6121799871925367
6.296296296296296,0.013149880222518721,-0.5282215440993717
6.306306306306306,0.023180405251677624,-0.5144386923686969
6.316316316316316,0.032990866196590016,-0.6612335931193645
6.326326326326326,0.044665021402660654,-0.5168745350361037
6.336336336336336,0.04945307915606057,-0.6632675154746968
6.346346346346346,0.062028433628851916,-0.7408915690484851
6.356356356356356,0.07727245766453526,-0.566221831244691
6.366366366366366,0.07796629052550373,-0.4831930453473352
6.376376376376376,0.09780358175460029,-0.7418242760140369
6.386386386386386,0.10108047352580601,-0.70253497727071
6.396396396396396,0.11237503495781549,-0.6254605310669631
6.406406406406406,0.12472583438663158,-0.4896984927011803
6.416416416416417,0.12299848444268063,-0.7082034921462069
6.426426426426427,0.13767473023942564,-0.7649560965512789
6.436436436436437,0.1544225918117073,-0.6172106970334837
6.446446446446447,0.17124297182849982,-0.523127879656822
6.456456456456457,0.17926667672727087,-0.6374910817210228
6.466466466466467,0.17421055764636334,-0.642857310435853
6.476476476476477,0.2009816873769844,-0.6357673450484097
6.486486486486487,0.19533814535347785,-0.47737639384265407
6.496496496496497,0.2087374667589099,-0.5185741120390145
6.506506506506507,0.22980357950169059,-0.6350262095277619
6.516516516516517,0.2262857139800854,-0.6744066989521793
6.526526526526527,0.24437768046576927,-0.5614041873696056
6.536536536536537,0.23366730751586676,-0.4802790833571747
6.546546546546547,0.2486933525229531,-0.7064504488579523
6.556556556556557,0.2690706833478268,-0.4746832443463936
6.566566566566567,0.2793506758944051,-0.786042521704784
6.576576576576577,0.3080125000879942,-0.6129374321293722
6.586586586586587,0.3042846157204047,-0.6345105021259653
6.596596596596597,0.2890271116230518,-0.5347318643715997
6.606606606606607,0.31942806929880396,-0.7820528591271239
6.616616616616617,0.331450517835314,-0.6252542026937895
6.626626626626627,0.34829707307572016,-0.5413472494677612
6.636636636636637,0.35840092442656735,-0.7335970054679614
6.646646646646647,0.3583661916479887,-0.645607703959162
6.656656656656657,0.3375018281480627,-0.7208919740423292
6.666666666666667,0.36197520808749023,-0.7348887003133348
6.676676676676677,0.37087256124369383,-0.6469116566184381
6.686686686686687,0.39296660890577034,-0.4808638922749665
6.696696696696697,0.41258981228487596,-0.7701008574965313
6.706706706706707,0.3908938445690843,-0.5642772199203681
6.716716716716717,0.4344926165842062,-0.5789058619306803
6.726726726726727,0.4268184059342059,-0.593993491572725
6.736736736736737,0.45312170145702946,-0.8186257939455526
6.746746746746747,0.442640038104493,-0.8156802000024428
6.756756756756757,0.43810404428278577,-0.7856102936373361
6.766766766766767,0.4897733995388502,-0.75674305002698
6.776776776776777,0.49382619308431724,-0.7914554020330493
6.786786786786787,0.48896804280569933,-0.619824718806143
6.796796796796797,0.5000487060902696,-0.7957454878835343
6.806806806806807,0.5067729383660755,-0.6664669056883866
6.816816816816817,0.531797903888807,-0.6463896130382857
6.826826826826827,0.5044307819619501,-0.5718232100652919
6.836836836836837,0.5103504439701395,-0.8081097799629215
6.846846846846847,0.5354178683193369,-0.7252177223181915
6.856856856856857,0.571825209937924,-0.7578514947702539
6.866866866866867,0.5676986661763379,-0.7362791436822831
6.876876876876877,0.5285643035734355,-0.6627452946403584
6.886886886886887,0.5445579370177217,-0.745878110578119
6.896896896896897,0.5658736240033502,-0.4760678089525319
6.906906906906907,0.5728162049363121,-0.6422261183846982
6.916916916916917,0.615768053938215,-0.620953999392494
6.926926926926927,0.6154334119932384,-0.5355125891064861
6.936936936936937,0.5689997382786284,-0.6074232354293773
6.946946946946947,0.5798617090778175,-0.7579017634633329
6.956956956956957,0.57917205237789,-0.7852923766123494
6.966966966966967,0.6443963148668177,-0.7689092815448078
6.976976976976977,0.5999689416600009,-0.6555234902766219
6.986986986986987,0.694613524961692,-0.5659290288771202
6.996996996996997,0.6308456140631882,-0.5326065633520193
7.007007007007007,0.6353158295820064,-0.758940756506304
7.017017017017017,0.7053030440693303,-0.5533412331149136
7.027027027027027,0.6882256147545686,-0.6075635644929224
7.037037037037037,0.7114089695435913,-0.7372549672185212
7.047047047047047,0.7188924925535805,-0.5241536265038296
7.057057057057057,0.6643980377891568,-0.6512802395013746
7.067067067067067,0.7463926910455078,-0.48224144667254637
7.077077077077077,0.6596165824304989,-0.601393135018798
7.087087087087087,0.7556673396719086,-0.47985415315849167
7.097097097097097,0.6863304767806254,-0.6304415097120505
7.107107107107107,0.7108437725497361,-0.7094813562615588
7.117117117117117,0.7895643693398287,-0.6433609362758174
7.127127127127127,0.7138026462822197,-0.6016887586542701
7.137137137137137,0.7504672587026808,-0.5665735158130177
7.147147147147147,0.8144877019956215,-0.6560616583925551
7.157157157157157,0.7961114596323279,-0.5051520318151682
7.167167167167167,0.814337318815887,-0.6424261896156296
7.177177177177177,0.8227893815608518,-0.5940447239179301
7.187187187187187,0.8396942879233972,-0.5153782161572231
7.197197197197197,0.8494704134671485,-0.5567771825840492
7.207207207207207,0.8289868520878585,-0.5491768743363612
7.217217217217217,0.8636745041708275,-0.7086473604642858
7.227227227227227,0.7520384893236168,-0.478911228146908
7.237237237237237,0.8003568108399505,-0.6283012280533964
7.247247247247247,0.8505548471549249,-0.4658476773054171
7.257257257257257,0.8389145331517702,-0.5964234097562493
7.267267267267267,0.7811586359873681,-0.6604425485863504
7.277277277277277,0.8038781405553961,-0.4251594803984985
7.287287287287287,0.815613520917471,-0.4553755772092449
7.297297297297297,0.8898300402249121,-0.47469355480604175
7.307307307307307,0.8705560576106799,-0.566473598552973
7.317317317317317,0.8009160222900755,-0.5285322806856818
7.327327327327327,0.8329273766960336,-0.4655423624420849
7.337337337337337,0.8914861247701528,-0.5827062413056365
7.347347347347347,0.8739901951110854,-0.5118963675646416
7.357357357357357,0.838039431450634,-0.6115719906577511
7.367367367367367,0.9439848514904063,-0.6439320270066967
7.377377377377377,0.9356585234202814,-0.4540333882948792
7.387387387387387,0.9493647470139542,-0.5752815413015057
7.397397397397397,0.8695674344526008,-0.43315443345919563
7.407407407407407,0.9022935916254001,-0.553839245705397
7.4174174174174174,0.905844431707197,-0.6197328692720248
7.4274274274274275,0.9426312790799815,-0.5478578459248147
7.4374374374374375,0.9215762918195256,-0.4188903267469289
7.4474474474474475,0.9370534381081327,-0.5335589417202683
7.4574574574574575,0.9341318510419642,-0.6096619737293857
7.4674674674674675,0.8646704406413804,-0.5905652236850025
7.4774774774774775,0.9786377235571448,-0.4782441487730341
7.4874874874874875,0.9438987145282545,-0.5568890409083538
7.4974974974974975,0.9991456379957524,-0.5143300808945249
7.5075075075075075,0.9893554002301327,-0.35743647329813005
7.5175175175175175,0.8779266545661761,-0.4775690372403899
7.5275275275275275,0.8933774646712731,-0.5674648973374415
7.5375375375375375,1.0089250668646499,-0.33862669349555186
7.5475475475475475,0.9843453679169514,-0.5315471588137319
7.5575575575575575,1.0212054783135407,-0.5513197977506074
7.5675675675675675,0.9716829441695812,-0.4393136047361585
7.5775775775775776,0.9217626527002335,-0.5274550750824059
7.587587587587588,1.0302113435230043,-0.36904952598349644
7.597597597597598,0.964889506353076,-0.4169622728872701
7.607607607607608,0.9307547632042802,-0.42117262534189076
7.617617617617618,0.9285488678148356,-0.32711737434245175
7.627627627627628,0.9713321008711977,-0.4301571518508878
7.637637637637638,1.029831505169042,-0.31738198924473016
7.647647647647648,0.9786177256459694,-0.40597204372918866
7.657657657657658,1.034090589899435,-0.4790733601599271
7.667667667667668,0.9877140414121189,-0.4628582281457792
7.677677677677678,0.9173501479165758,-0.45405026066173076
7.687687687687688,1.0049608318456027,-0.3254554001229717
7.697697697697698,1.0049287581396114,-0.2940966991403403
7.707707707707708,0.9413079363304055,-0.41934276825515593
7.717717717717718,1.0386829093072127,-0.39990343200029543
7.727727727727728,1.0543997334098048,-0.2928245993474849
7.737737737737738,1.0278274583169498,-0.2818377972575501
7.747747747747748,0.99296743090712,-0.3555379648687183
7.757757757757758,0.9806878922221747,-0.41299435125962974
7.767767767767768,0.9353206549447954,-0.4050753845843119
7.777777777777778,0.9303501257190712,-0.4154148212139022
7.787787787787788,1.0453651179890704,-0.34056896748941234
7.797797797797798,1.0515640619595623,-0.32840206191960297
7.807807807807808,0.9961213680395516,-0.2838271027177502
7.817817817817818,0.9687640433596079,-0.33133629957449273
7.827827827827828,0.978248038123451,-0.3752583462820843
7.837837837837838,1.0242189467534513,-0.25088305468330724
7.847847847847848,0.9591140555985392,-0.31226948658182796
7.857857857857858,0.9726685555165197,-0.3581101911935843
7.867867867867868,1.043237689229872,-0.2631748122310022
7.877877877877878,0.9574097521908472,-0.3079588075849507
7.887887887887888,1.0578607251386474,-0.31203696238437695
7.897897897897898,0.9673359544748268,-0.22731687155493632
7.907907907907908,1.0681340609253325,-0.23932664026318673
7.917917917917918,1.0373522315623913,-0.27433539524043976
7.927927927927928,1.0516679402801445,-0.20581566177959487
7.937937937937938,0.9790151407762953,-0.21952038705651916
7.947947947947948,1.02283676420783,-0.2757284464897526
7.957957957957958,0.9238399516870464,-0.21651116451849825
7.967967967967968,0.9374963133537195,-0.18940625217913537
7.977977977977978,0.9277855677790952,-0.15993359894663337
7.987987987987988,1.0231221165923396,-0.17743019475207622
7.997997997997998,0.9445433237780988,-0.21664134633852453
8.008008008008009,1.0030714152038556,-0.1456574299191431
8.018018018018019,0.9284616968751653,-0.21031110647174914
8.028028028028029,0.9213026519285822,-0.14473768574259024
8.038038038038039,0.9554288632006421,-0.14439962172944407
8.048048048048049,0.9123964961016292,-0.18033370981932248
8.058058058058059,0.977396307089935,-0.19406607243544594
8.068068068068069,0.9613971577485382,-0.18979759417969125
8.078078078078079,0.9638093486502934,-0.12788382606210866
8.088088088088089,0.9605778573527227,-0.12605942771785117
8.098098098098099,1.018490044785585,-0.14800279348153217
8.108108108108109,0.9512481295320234,-0.1425322166781983
8.118118118118119,0.906884834085253,-0.12596860488442868
8.128128128128129,0.9525914597229976,-0.13563407355494037
8.138138138138139,1.0291145599565812,-0.10292986380651795
8.148148148148149,0.9398128691430913,-0.08380591075753066
8.158158158158159,0.9893779602968412,-0.1202260851517058
8.168168168168169,0.9088968989641133,-0.10437581244584077
8.178178178178179,0.9215103177332766,-0.08629880287555976
8.188188188188189,0.8777539117372221,-0.08394990987822658
8.198198198198199,0.9527695665503666,-0.07300932074624884
8.208208208208209,0.879085293069743,-0.08207797549865854
8.218218218218219,0.96920567386106,-0.071841856083124
8.228228228228229,0.969552234912231,-0.060122447029844046
8.238238238238239,0.9667930902241578,-0.043278045337733564
8.248248248248249,0.8843393142099198,-0.03503481018530649
8.258258258258259,0.9124382525665122,-0.04363364057272023
8.268268268268269,0.8602603987747742,-0.032569346654206806
8.278278278278279,0.9388716105191448,-0.028109942139528447
8.288288288288289,0.8747864275914323,-0.021859821618239222
8.298298298298299,0.9247457600341585,-0.009051532919929215
8.308308308308309,0.8476883334101946,-0.00486264150964334
8.318318318318319,0.9422654044984403,0.0014634066602254932
8.328328328328329,0.9434741750621048,0.008190778239598585
8.338338338338339,0.9436962164581315,0.012248696784454624
8.348348348348349,0.840473311156171,0.017892586437028058
8.358358358358359,0.9364652745521673,0.031190623746432437
8.368368368368369,0.866912448065972,0.0416684586827512
8.378378378378379,0.8723860225427342,0.042089121079906526
8.388388388388389,0.8403177005432335,0.04912945760844646
8.398398398398399,0.8889692276883955,0.052086328770781336
8.408408408408409,0.8764892331173308,0.0515001376693922
8.418418418418419,0.85064097956085,0.0653123590884102
8.428428428428429,0.7975332070110445,0.07577939148021501
8.438438438438439,0.7939216334660368,0.09134547023463734
8.448448448448449,0.8239868968465138,0.08466565594610734
8.458458458458459,0.7921144181411915,0.09722953402350178
8.468468468468469,0.7889140245494429,0.11750137861367202
8.478478478478479,0.7711486904687376,0.10648439746562864
8.488488488488489,0.80578225227258,0.08980644497635723
8.498498498498499,0.7991451164897796,0.11348849896236113
8.508508508508509,0.8433912145856295,0.14739859059965998
8.518518518518519,0.7453727998183116,0.11709783033655498
8.528528528528529,0.8102412708242566,0.14434163226434554
8.538538538538539,0.7853531848398674,0.14983712690782436
8.548548548548549,0.8128758998164864,0.1473339409624394
8.558558558558559,0.7415530043602988,0.18896762139265313
8.568568568568569,0.7095805759248579,0.1623143067949062
8.578578578578579,0.70188803400654,0.18336541967596806
8.588588588588589,0.7637024968461491,0.184886512607768
8.598598598598599,0.7172722253306837,0.2201520033798693
8.608608608608609,0.7723954873045816,0.16136639229169247
8.618618618618619,0.6799817736919692,0.18241987985336852
8.62862862862863,0.7374180949329473,0.22955902222366212
8.63863863863864,0.7257783158895081,0.1965124853780867
8.64864864864865,0.7494714938903938,0.26541387649598375
8.65865865865866,0.7262584719345209,0.24019462048216556
8.66866866866867,0.6446195455887724,0.250466271547789
8.67867867867868,0.6409261714869845,0.29017771372596474
8.68868868868869,0.6458014367590358,0.2659485311677273
8.6986986986987,0.6820581094433493,0.2299443395455663
8.70870870870871,0.6527343482832192,0.2778909366260042
8.71871871871872,0.6907853135459173,0.19786560789642232
8.72872872872873,0.6501577465852528,0.23649331577691163
8.73873873873874,0.624924746079165,0.23490553750108975
8.74874874874875,0.6008790641882971,0.2616432176417147
8.75875875875876,0.6199122688542712,0.24309990877134535
8.76876876876877,0.612808718486848,0.22709007409505144
8.77877877877878,0.5794692376401082,0.25910664341640627
8.78878878878879,0.6094659031033725,0.35652933131429354
8.7987987987988,0.5500109991031892,0.3414922416912746
8.80880880880881,0.5363308123163228,0.3582475165210803
8.81881881881882,0.5530296487156213,0.3775936037262914
8.82882882882883,0.5452186825090507,0.2717892402278651
8.83883883883884,0.523296330548776,0.351329133960902
8.84884884884885,0.5755162973446314,0.2444161229066582
8.85885885885886,0.5519348922640445,0.29764509967487784
8.86886886886887,0.49309953834225545,0.33151789988231256
8.87887887887888,0.5461060818183247,0.3786157404502082
8.88888888888889,0.5356882369790054,0.36031077951289
8.8988988988989,0.4973340022761798,0.2954079753178282
8.90890890890891,0.4889371611811517,0.38674931072105506
8.91891891891892,0.4930041499183887,0.33372951942147344
8.92892892892893,0.46548130856697106,0.3789409659016847
8.93893893893894,0.4453494780854731,0.3493148447616291
8.94894894894895,0.47144067586370636,0.3116306688689803
8.95895895895896,0.48206675760904116,0.43696044791644606
8.96896896896897,0.45281287821670846,0.3681287589117006
8.97897897897898,0.4039009190279888,0.3787255109807003
8.98898898898899,0.41160815688791574,0.33741342201990376
8.998998998999,0.39820333552216325,0.3873976798638817
9.00900900900901,0.4243612736542606,0.4060227395301586
9.01901901901902,0.41903762653954624,0.5181767571421196
9.02902902902903,0.35727100953426627,0.31966778775583266
9.03903903903904,0.3865859285175164,0.3232551902166884
9.04904904904905,0.382567346734852,0.37807493451990487
9.05905905905906,0.3388320540785573,0.4753245021532813
9.06906906906907,0.3464180274325291,0.5199405594206523
9.07907907907908,0.35869917556710956,0.45747199361707425
9.08908908908909,0.3481178180013807,0.3554663980067914
9.0990990990991,0.33276539571078284,0.4795685732434459
9.10910910910911,0.3051272927117961,0.5044987774469664
9.11911911911912,0.2891429300371306,0.48389570713165897
9.12912912912913,0.28385805704091904,0.4286157214345872
9.13913913913914,0.2858615727349562,0.36071972134706315
9.14914914914915,0.25464005648417726,0.44230991039143686
9.15915915915916,0.2817281318306395,0.49233294342901324
9.16916916916917,0.2513950558049116,0.4640887444878665
9.17917917917918,0.23594294620407597,0.38997493187495336
9.18918918918919,0.2426843695716693,0.51125623813894
9.1991991991992,0.23181117871714924,0.4722045563096722
9.20920920920921,0.19998194179816836,0.4731184361597423
9.21921921921922,0.1923879217810041,0.4665525964826123
9.22922922922923,0.20731087192383174,0.6331438562024073
9.23923923923924,0.18711782479683806,0.5003118099153656
9.24924924924925,0.17030342182735353,0.4270148098124375
9.25925925925926,0.16683947649425335,0.4677913425403331
9.26926926926927,0.15996721122417454,0.4556610304390118
9.27927927927928,0.14199695818160135,0.49262403546118877
9.28928928928929,0.13418867680701543,0.614029276860916
9.2992992992993,0.11881508904223245,0.6805668483042547
9.30930930930931,0.12182042336577192,0.480899494097693
9.31931931931932,0.10488344717163275,0.6669408619177538
9.32932932932933,0.09656680073794977,0.6306016815059579
9.33933933933934,0.08417671882429402,0.4657005842630702
9.34934934934935,0.0776514637263287,0.47013144748607033
9.35935935935936,0.06538491380799755,0.5115816334406239
9.36936936936937,0.05697144765720191,0.4228489338654148
9.37937937937938,0.048228457286747746,0.7077769034226185
9.38938938938939,0.03576993844035119,0.6200124893487264
9.3993993993994,0.025687732176121175,0.6079123414766809
9.40940940940941,0.014560510591978356,0.7050133731833267
9.41941941941942,0.004957993588307399,0.4772455861902654
9.42942942942943,-0.004697955016856885,0.5789437733478461
9.43943943943944,-0.014275523119306356,0.4939887036446143
9.44944944944945,-0.024546770762006887,0.6506576518162382
9.45945945945946,-0.03534501357022803,0.49783491973734284
9.46946946946947,-0.04443176338320299,0.47076341879105116
9.47947947947948,-0.05616746538401334,0.6278723010061933
9.48948948948949,-0.06235453392226448,0.530972884331821
9.4994994994995,-0.07415805375457299,0.5060017808503201
9.50950950950951,-0.08130917247899395,0.49590460477966
9.51951951951952,-0.09404619114622546,0.5300335927563686
9.52952952952953,-0.10481256620690944,0.7385869544453136
9.53953953953954,-0.11113045138365484,0.6656026706313873
9.54954954954955,-0.12482565419592703,0.5401749896733745
9.55955955955956,-0.1255270745791737,0.4718847051506435
9.56956956956957,-0.13647543498091083,0.6483515437672727
9.57957957957958,-0.15117728976800937,0.5972008287078133
9.58958958958959,-0.1650943463157914,0.49273206069629305
9.5995995995996,-0.184990293659886,0.5130276156991364
9.60960960960961,-0.177507078823894,0.4878981116449704
9.61961961961962,-0.20679146983145513,0.5142666817880158
9.62962962962963,-0.1987019257014202,0.7416007005638353
9.63963963963964,-0.19825938588685904,0.5686667114727485
9.64964964964965,-0.22899468831743416,0.5835520169645383
9.65965965965966,-0.2162281875675942,0.546151978254255
9.66966966966967,-0.22560744060109209,0.4855986614530207
9.67967967967968,-0.24950423015202777,0.5741423628353659
9.68968968968969,-0.25364934948701845,0.6956100082994449
9.6996996996997,-0.28680741636122853,0.6582110941011209
9.70970970970971,-0.2790907941362414,0.5978555870451939
9.71971971971972,-0.309623814662004,0.50752257487801
9.72972972972973,-0.29099842631624456,0.630937979246942
9.73973973973974,-0.29584064128406595,0.7265147186511245
9.74974974974975,-0.3058325592025047,0.7155095161346093
9.75975975975976,-0.33323655061604895,0.7209772648095508
9.76976976976977,-0.3447542962291455,0.8052680521977864
9.77977977977978,-0.32475635665574426,0.7242752106286944
9.78978978978979,-0.33571450156494853,0.7181111770326233
9.7997997997998,-0.3779891202458799,0.6456323961117525
9.80980980980981,-0.3672005796868374,0.7484056875445083
9.81981981981982,-0.3823982880525154,0.4924695400217852
9.82982982982983,-0.3889621993218903,0.6653295831986354
9.83983983983984,-0.40913652074458007,0.5997006279985723
9.84984984984985,-0.398981295711179,0.5819949712062515
9.85985985985986,-0.40440499942543745,0.6045256749000545
9.86986986986987,-0.4222168939820962,0.7735076100140031
9.87987987987988,-0.45360014609187344,0.5549460606493304
9.88988988988989,-0.4316576102683867,0.7794836942653995
9.8998998998999,-0.42920567755868866,0.5748236543302511
9.90990990990991,-0.4419032115501805,0.7512519826023494
9.91991991991992,-0.4846819959829384,0.7676052937869001
9.92992992992993,-0.486676494350494,0.5204404560249
9.93993993993994,-0.45959735234769733,0.6006912304502412
9.94994994994995,-0.5149209491639983,0.7853751272884097
9.95995995995996,-0.5299272014495894,0.7008270449201857
9.96996996996997,-0.5166622577586316,0.487861786714371
9.97997997997998,-0.4965267823063625,0.7818378659694191
9.98998998998999,-0.5219524233512818,0.594438084068619
10.0,-0.5256724816552583,0.7907485055792436
